<?xml version='1.1' encoding='UTF-8'?>
<org.jvnet.hudson.plugins.thinbackup.backup.PluginList plugin="thinBackup@1.9">
  <plugins>
    <entry>
      <string>blueocean-config</string>
      <string>1.4.2</string>
    </entry>
    <entry>
      <string>jdk-tool</string>
      <string>1.1</string>
    </entry>
    <entry>
      <string>github-branch-source</string>
      <string>2.3.3</string>
    </entry>
    <entry>
      <string>snakeyaml-api</string>
      <string>1.29.1</string>
    </entry>
    <entry>
      <string>ssh</string>
      <string>2.5</string>
    </entry>
    <entry>
      <string>pipeline-github-lib</string>
      <string>1.0</string>
    </entry>
    <entry>
      <string>blueocean-pipeline-api-impl</string>
      <string>1.4.2</string>
    </entry>
    <entry>
      <string>workflow-multibranch</string>
      <string>2.17</string>
    </entry>
    <entry>
      <string>docker-workflow</string>
      <string>1.15.1</string>
    </entry>
    <entry>
      <string>maven-plugin</string>
      <string>3.1</string>
    </entry>
    <entry>
      <string>pipeline-stage-tags-metadata</string>
      <string>1.2.7</string>
    </entry>
    <entry>
      <string>build-name-setter</string>
      <string>1.6.9</string>
    </entry>
    <entry>
      <string>javax-activation-api</string>
      <string>1.2.0-2</string>
    </entry>
    <entry>
      <string>webhook-step</string>
      <string>1.3</string>
    </entry>
    <entry>
      <string>git-client</string>
      <string>2.7.1</string>
    </entry>
    <entry>
      <string>scm-api</string>
      <string>2.2.6</string>
    </entry>
    <entry>
      <string>pipeline-stage-step</string>
      <string>2.3</string>
    </entry>
    <entry>
      <string>email-ext</string>
      <string>2.62</string>
    </entry>
    <entry>
      <string>github</string>
      <string>1.29.0</string>
    </entry>
    <entry>
      <string>windows-slaves</string>
      <string>1.3.1</string>
    </entry>
    <entry>
      <string>build-timeout</string>
      <string>1.19</string>
    </entry>
    <entry>
      <string>parameterized-trigger</string>
      <string>2.35.2</string>
    </entry>
    <entry>
      <string>blueocean-personalization</string>
      <string>1.4.2</string>
    </entry>
    <entry>
      <string>mailer</string>
      <string>1.20</string>
    </entry>
    <entry>
      <string>jackson2-api</string>
      <string>2.8.11.1</string>
    </entry>
    <entry>
      <string>blueocean-web</string>
      <string>1.4.2</string>
    </entry>
    <entry>
      <string>workflow-scm-step</string>
      <string>2.6</string>
    </entry>
    <entry>
      <string>ws-cleanup</string>
      <string>0.34</string>
    </entry>
    <entry>
      <string>blueocean-events</string>
      <string>1.4.2</string>
    </entry>
    <entry>
      <string>token-macro</string>
      <string>2.3</string>
    </entry>
    <entry>
      <string>run-condition</string>
      <string>1.0</string>
    </entry>
    <entry>
      <string>thinBackup</string>
      <string>1.9</string>
    </entry>
    <entry>
      <string>favorite</string>
      <string>2.3.1</string>
    </entry>
    <entry>
      <string>blueocean-i18n</string>
      <string>1.4.2</string>
    </entry>
    <entry>
      <string>momentjs</string>
      <string>1.1.1</string>
    </entry>
    <entry>
      <string>blueocean-rest</string>
      <string>1.4.2</string>
    </entry>
    <entry>
      <string>pipeline-build-step</string>
      <string>2.7</string>
    </entry>
    <entry>
      <string>pipeline-stage-view</string>
      <string>2.9</string>
    </entry>
    <entry>
      <string>pipeline-model-definition</string>
      <string>1.2.7</string>
    </entry>
    <entry>
      <string>sonar-quality-gates</string>
      <string>1.3.0</string>
    </entry>
    <entry>
      <string>config-file-provider</string>
      <string>2.18</string>
    </entry>
    <entry>
      <string>resource-disposer</string>
      <string>0.8</string>
    </entry>
    <entry>
      <string>ansible</string>
      <string>0.8</string>
    </entry>
    <entry>
      <string>bouncycastle-api</string>
      <string>2.16.2</string>
    </entry>
    <entry>
      <string>jaxb</string>
      <string>2.3.0</string>
    </entry>
    <entry>
      <string>javadoc</string>
      <string>1.4</string>
    </entry>
    <entry>
      <string>docker-commons</string>
      <string>1.11</string>
    </entry>
    <entry>
      <string>jquery-detached</string>
      <string>1.2.1</string>
    </entry>
    <entry>
      <string>pam-auth</string>
      <string>1.3</string>
    </entry>
    <entry>
      <string>ace-editor</string>
      <string>1.1</string>
    </entry>
    <entry>
      <string>workflow-durable-task-step</string>
      <string>2.19</string>
    </entry>
    <entry>
      <string>blueocean-pipeline-editor</string>
      <string>1.4.2</string>
    </entry>
    <entry>
      <string>ssh-credentials</string>
      <string>1.13</string>
    </entry>
    <entry>
      <string>workflow-job</string>
      <string>2.17</string>
    </entry>
    <entry>
      <string>workflow-basic-steps</string>
      <string>2.6</string>
    </entry>
    <entry>
      <string>toolenv</string>
      <string>1.1</string>
    </entry>
    <entry>
      <string>jsch</string>
      <string>0.1.54.2</string>
    </entry>
    <entry>
      <string>copyartifact</string>
      <string>1.39</string>
    </entry>
    <entry>
      <string>github-api</string>
      <string>1.90</string>
    </entry>
    <entry>
      <string>rebuild</string>
      <string>1.27</string>
    </entry>
    <entry>
      <string>gitlab-merge-request-jenkins</string>
      <string>2.0.0</string>
    </entry>
    <entry>
      <string>active-directory</string>
      <string>2.6</string>
    </entry>
    <entry>
      <string>workflow-cps</string>
      <string>2.45</string>
    </entry>
    <entry>
      <string>sshd</string>
      <string>3.0.3</string>
    </entry>
    <entry>
      <string>matrix-auth</string>
      <string>2.2</string>
    </entry>
    <entry>
      <string>gradle</string>
      <string>1.28</string>
    </entry>
    <entry>
      <string>blueocean-commons</string>
      <string>1.4.2</string>
    </entry>
    <entry>
      <string>sse-gateway</string>
      <string>1.15</string>
    </entry>
    <entry>
      <string>mercurial</string>
      <string>2.3</string>
    </entry>
    <entry>
      <string>script-security</string>
      <string>1.42</string>
    </entry>
    <entry>
      <string>external-monitor-job</string>
      <string>1.7</string>
    </entry>
    <entry>
      <string>Hudson core</string>
      <string>2.332.2</string>
    </entry>
    <entry>
      <string>blueocean-dashboard</string>
      <string>1.4.2</string>
    </entry>
    <entry>
      <string>blueocean-github-pipeline</string>
      <string>1.4.2</string>
    </entry>
    <entry>
      <string>blueocean-core-js</string>
      <string>1.4.2</string>
    </entry>
    <entry>
      <string>cobertura</string>
      <string>1.12</string>
    </entry>
    <entry>
      <string>role-strategy</string>
      <string>2.7.0</string>
    </entry>
    <entry>
      <string>analysis-core</string>
      <string>1.95</string>
    </entry>
    <entry>
      <string>pipeline-milestone-step</string>
      <string>1.3.1</string>
    </entry>
    <entry>
      <string>blueocean-jwt</string>
      <string>1.4.2</string>
    </entry>
    <entry>
      <string>trilead-api</string>
      <string>1.0.4</string>
    </entry>
    <entry>
      <string>javax-mail-api</string>
      <string>1.6.2-5</string>
    </entry>
    <entry>
      <string>ldap</string>
      <string>1.20</string>
    </entry>
    <entry>
      <string>handlebars</string>
      <string>1.1.1</string>
    </entry>
    <entry>
      <string>variant</string>
      <string>1.1</string>
    </entry>
    <entry>
      <string>checkstyle</string>
      <string>3.50</string>
    </entry>
    <entry>
      <string>jira</string>
      <string>2.5</string>
    </entry>
    <entry>
      <string>pipeline-model-extensions</string>
      <string>1.2.7</string>
    </entry>
    <entry>
      <string>workflow-cps-global-lib</string>
      <string>2.9</string>
    </entry>
    <entry>
      <string>workflow-support</string>
      <string>2.18</string>
    </entry>
    <entry>
      <string>blueocean-jira</string>
      <string>1.4.2</string>
    </entry>
    <entry>
      <string>antisamy-markup-formatter</string>
      <string>1.5</string>
    </entry>
    <entry>
      <string>pipeline-rest-api</string>
      <string>2.9</string>
    </entry>
    <entry>
      <string>conditional-buildstep</string>
      <string>1.3.6</string>
    </entry>
    <entry>
      <string>pipeline-model-api</string>
      <string>1.2.7</string>
    </entry>
    <entry>
      <string>blueocean-rest-impl</string>
      <string>1.4.2</string>
    </entry>
    <entry>
      <string>build-pipeline-plugin</string>
      <string>1.5.8</string>
    </entry>
    <entry>
      <string>jenkins-multijob-plugin</string>
      <string>1.29</string>
    </entry>
    <entry>
      <string>publish-over-ssh</string>
      <string>1.19.1</string>
    </entry>
    <entry>
      <string>artifactdeployer</string>
      <string>1.2</string>
    </entry>
    <entry>
      <string>pipeline-input-step</string>
      <string>2.8</string>
    </entry>
    <entry>
      <string>pipeline-utility-steps</string>
      <string>2.0.1</string>
    </entry>
    <entry>
      <string>ssh-agent</string>
      <string>1.15</string>
    </entry>
    <entry>
      <string>git-server</string>
      <string>1.7</string>
    </entry>
    <entry>
      <string>blueocean-git-pipeline</string>
      <string>1.4.2</string>
    </entry>
    <entry>
      <string>credentials-binding</string>
      <string>1.16</string>
    </entry>
    <entry>
      <string>workflow-aggregator</string>
      <string>2.5</string>
    </entry>
    <entry>
      <string>credentials</string>
      <string>2.1.16</string>
    </entry>
    <entry>
      <string>blueocean-pipeline-scm-api</string>
      <string>1.4.2</string>
    </entry>
    <entry>
      <string>nodejs</string>
      <string>1.2.5</string>
    </entry>
    <entry>
      <string>workflow-step-api</string>
      <string>2.14</string>
    </entry>
    <entry>
      <string>dashboard-view</string>
      <string>2.9.11</string>
    </entry>
    <entry>
      <string>built-on-column</string>
      <string>1.1</string>
    </entry>
    <entry>
      <string>plain-credentials</string>
      <string>1.4</string>
    </entry>
    <entry>
      <string>command-launcher</string>
      <string>1.2</string>
    </entry>
    <entry>
      <string>matrix-project</string>
      <string>1.12</string>
    </entry>
    <entry>
      <string>jquery</string>
      <string>1.12.4-0</string>
    </entry>
    <entry>
      <string>git</string>
      <string>3.8.0</string>
    </entry>
    <entry>
      <string>authentication-tokens</string>
      <string>1.3</string>
    </entry>
    <entry>
      <string>gitlab-plugin</string>
      <string>1.5.4</string>
    </entry>
    <entry>
      <string>cloudbees-folder</string>
      <string>6.4</string>
    </entry>
    <entry>
      <string>blueocean-autofavorite</string>
      <string>1.2.2</string>
    </entry>
    <entry>
      <string>durable-task</string>
      <string>1.22</string>
    </entry>
    <entry>
      <string>timestamper</string>
      <string>1.8.9</string>
    </entry>
    <entry>
      <string>pipeline-graph-analysis</string>
      <string>1.6</string>
    </entry>
    <entry>
      <string>junit</string>
      <string>1.24</string>
    </entry>
    <entry>
      <string>apache-httpcomponents-client-4-api</string>
      <string>4.5.3-2.1</string>
    </entry>
    <entry>
      <string>structs</string>
      <string>1.14</string>
    </entry>
    <entry>
      <string>ant</string>
      <string>1.8</string>
    </entry>
    <entry>
      <string>blueocean-bitbucket-pipeline</string>
      <string>1.4.2</string>
    </entry>
    <entry>
      <string>mapdb-api</string>
      <string>1.0.9.0</string>
    </entry>
    <entry>
      <string>htmlpublisher</string>
      <string>1.14</string>
    </entry>
    <entry>
      <string>blueocean</string>
      <string>1.4.2</string>
    </entry>
    <entry>
      <string>ssh-slaves</string>
      <string>1.26</string>
    </entry>
    <entry>
      <string>handy-uri-templates-2-api</string>
      <string>2.1.6-1.0</string>
    </entry>
    <entry>
      <string>envinject</string>
      <string>2.1.5</string>
    </entry>
    <entry>
      <string>cloudbees-bitbucket-branch-source</string>
      <string>2.2.10</string>
    </entry>
    <entry>
      <string>subversion</string>
      <string>2.10.4</string>
    </entry>
    <entry>
      <string>blueocean-display-url</string>
      <string>2.2.0</string>
    </entry>
    <entry>
      <string>display-url-api</string>
      <string>2.2.0</string>
    </entry>
    <entry>
      <string>saferestart</string>
      <string>0.3</string>
    </entry>
    <entry>
      <string>pipeline-model-declarative-agent</string>
      <string>1.1.1</string>
    </entry>
    <entry>
      <string>envinject-api</string>
      <string>1.5</string>
    </entry>
    <entry>
      <string>jenkins-design-language</string>
      <string>1.4.2</string>
    </entry>
    <entry>
      <string>branch-api</string>
      <string>2.0.18</string>
    </entry>
    <entry>
      <string>publish-over</string>
      <string>0.21</string>
    </entry>
    <entry>
      <string>embeddable-build-status</string>
      <string>1.9</string>
    </entry>
    <entry>
      <string>workflow-api</string>
      <string>2.26</string>
    </entry>
    <entry>
      <string>pubsub-light</string>
      <string>1.12</string>
    </entry>
  </plugins>
</org.jvnet.hudson.plugins.thinbackup.backup.PluginList>